id,timestamp,price_sq_m,material_monolit,green_zone_part,industrial_part,ttk_km,trc_count
8285,6/1/2013,150980.392156863,0,0.083809588,0.371148999,12.75509186,15
8394,6/7/2013,200000,0,0.169625419,0.019508796,1.80085356,39
8560,6/18/2013,204225.352112676,0,0.297166335,0,6.828562624,24
8642,6/24/2013,181818.181818182,0,0.069670879,0.130617806,6.006676769,33
8814,7/1/2013,196153.846153846,0,0.070662054,0.035145267,8.955545043,23
9069,7/9/2013,196969.696969697,0,0.069670879,0.130617806,7.259686273,27
9110,7/10/2013,158139.534883721,0,0.069670879,0.130617806,8.921792263,24
9121,7/10/2013,169047.619047619,0,0.133372781,0.309479124,5.720875677,35
9127,7/11/2013,184210.526315789,0,0.070662054,0.035145267,7.69690768,28
9201,7/15/2013,152702.702702703,0,0.083809588,0.371148999,11.22848159,21
9253,7/17/2013,152173.913043478,0,0.069670879,0.130617806,8.681830509,25
9430,7/24/2013,126923.076923077,0,0.058543047,0.025609157,15.01827723,8
9453,7/25/2013,133000,1,0.331075802,0.000991,8.188557381,45
9539,7/31/2013,125000,0,0.083809588,0.371148999,12.13484997,20
9597,8/2/2013,151136.363636364,0,0.133372781,0.309479124,7.535063791,37
9604,8/2/2013,226923.076923077,0,0.199430788,0.081943463,0.956949879,64
9671,8/6/2013,180851.063829787,1,0.133372781,0.309479124,8.270963228,34
9694,8/7/2013,138888.888888889,0,0.058543047,0.025609157,14.79303403,9
9750,8/10/2013,164383.561643836,0,0.169625419,0.019508796,4.844004735,36
9755,8/12/2013,141509.433962264,0,0.083809588,0.371148999,12.37418025,15
9756,8/12/2013,166101.694915254,0,0.169625419,0.019508796,4.76304239,38
9757,8/12/2013,117045.454545455,0,0.083809588,0.371148999,12.71586221,10
9841,8/15/2013,123333.333333333,0,0.058543047,0.025609157,15.71568412,7
9846,8/15/2013,184375,0,0.133372781,0.309479124,5.042811469,42
9888,8/16/2013,140000,0,0.083809588,0.371148999,12.53227255,11
9893,8/16/2013,160344.827586207,0,0.070662054,0.035145267,7.69690768,28
10016,8/22/2013,168918.918918919,0,0.083809588,0.371148999,11.41013722,21
10020,8/22/2013,122972.972972973,0,0.083809588,0.371148999,12.6055929,11
10033,8/23/2013,194736.842105263,0,0.297166335,0,9.825659541,17
10064,8/26/2013,209090.909090909,0,0.199430788,0.081943463,1.045146113,62
10114,8/28/2013,189726.02739726,0,0.297166335,0,8.024270474,18
10187,8/30/2013,118822.033898305,1,0.169625419,0.019508796,3.861552271,44
10229,9/2/2013,132407.407407407,0,0.058543047,0.025609157,16.28523864,7
10318,9/6/2013,194444.444444444,0,0.169625419,0.019508796,4.857984875,37
10330,9/6/2013,177027.027027027,0,0.070662054,0.035145267,7.374381974,28
10332,9/6/2013,132075.471698113,0,0.070662054,0.035145267,6.935044366,28
10410,9/11/2013,137804.878048781,0,0.058543047,0.025609157,14.631503,9
10440,9/12/2013,145945.945945946,0,0.083809588,0.371148999,12.18526699,19
10445,9/12/2013,231666.666666667,0,0.297166335,0,7.910572905,19
10499,9/13/2013,103448.275862069,0,0.069670879,0.130617806,8.63247155,27
10553,9/17/2013,215254.237288136,0,0.169625419,0.019508796,4.709308586,37
10561,9/17/2013,185714.285714286,0,0.069670879,0.130617806,7.171472518,27
10562,9/17/2013,134426.666666667,0,0.133372781,0.309479124,6.335110391,39
10568,9/17/2013,180921.052631579,0,0.070662054,0.035145267,7.69690768,28
10598,9/19/2013,155263.157894737,0,0.083809588,0.371148999,12.19876562,17
10616,9/19/2013,186486.486486486,0,0.083809588,0.371148999,12.4226634,11
10625,9/20/2013,143103.448275862,0,0.083809588,0.371148999,13.19587598,10
10637,9/20/2013,67435.8974358974,1,0.083809588,0.371148999,12.6055929,11
10639,9/20/2013,93333.3333333333,0,0.169625419,0.019508796,3.759125033,42
10651,9/21/2013,188888.888888889,0,0.070662054,0.035145267,7.957367957,20
10685,9/24/2013,150000,0,0.069670879,0.130617806,6.583466571,33
10703,9/24/2013,161538.461538462,0,0.169625419,0.019508796,4.683903087,37
10717,9/25/2013,187179.487179487,0,0.169625419,0.019508796,1.842771518,41
10786,9/27/2013,88203.05,0,0.069670879,0.130617806,7.583216978,27
10815,9/27/2013,136842.105263158,0,0.069670879,0.130617806,9.098259725,21
10857,9/30/2013,162162.162162162,0,0.083809588,0.371148999,12.4226634,11
10934,10/2/2013,157384.615384615,0,0.133372781,0.309479124,8.056846193,32
10964,10/3/2013,195353.421052632,0,0.133372781,0.309479124,6.397490417,38
11009,10/4/2013,146666.666666667,0,0.083809588,0.371148999,11.51522709,21
11016,10/5/2013,215789.473684211,0,0.169625419,0.019508796,1.392683182,41
11054,10/7/2013,84826,0,0.133372781,0.309479124,9.625238462,29
11057,10/7/2013,168181.818181818,0,0.331075802,0.000991,7.24876354,47
11104,10/9/2013,133333.333333333,0,0.331075802,0.000991,8.188913189,49
11106,10/9/2013,128947.368421053,0,0.070662054,0.035145267,7.21856072,27
11126,10/9/2013,188679.245283019,0,0.331075802,0.000991,7.796358754,36
11130,10/9/2013,138297.872340426,0,0.070662054,0.035145267,7.521241126,27
11140,10/10/2013,206666.666666667,0,0.169625419,0.019508796,5.312046323,37
11165,10/11/2013,135294.117647059,0,0.069670879,0.130617806,8.693427517,27
11167,10/11/2013,148780.487804878,0,0.069670879,0.130617806,8.7504248,26
11181,10/11/2013,202702.702702703,0,0.169625419,0.019508796,0.804315255,45
11189,10/11/2013,223684.210526316,0,0.297166335,0,7.620542923,21
11202,10/14/2013,151111.111111111,0,0.133372781,0.309479124,4.870810941,38
11265,10/16/2013,296363.636363636,0,0.199430788,0.081943463,2.200114917,78
11279,10/16/2013,161428.571428571,0,0.058543047,0.025609157,15.49395385,8
11337,10/18/2013,195238.095238095,0,0.070662054,0.035145267,7.369948943,27
11363,10/19/2013,195945.945945946,0,0.070662054,0.035145267,6.565661756,30
11449,10/22/2013,207500,0,0.070662054,0.035145267,7.145251555,28
11452,10/22/2013,142105.263157895,0,0.083809588,0.371148999,11.99526534,18
11567,10/25/2013,127358.490566038,0,0.083809588,0.371148999,11.22848159,21
11574,10/25/2013,155000,0,0.133372781,0.309479124,4.985571764,40
11633,10/28/2013,93108.1081081081,0,0.058543047,0.025609157,15.49395385,8
11634,10/29/2013,138157.894736842,0,0.058543047,0.025609157,15.55210985,8
11643,10/29/2013,136666.666666667,0,0.069670879,0.130617806,9.537234197,21
11715,10/31/2013,184905.660377359,0,0.331075802,0.000991,8.64456988,43
11740,10/31/2013,222222.222222222,0,0.297166335,0,7.971365077,19
11741,10/31/2013,142857.142857143,0,0.199430788,0.081943463,1.409422838,74
11792,11/5/2013,128205.128205128,1,0.070662054,0.035145267,7.21856072,27
11797,11/5/2013,176666.666666667,0,0.069670879,0.130617806,9.625592216,22
11805,11/5/2013,178125,0,0.133372781,0.309479124,5.266349228,38
11818,11/5/2013,195522.388059701,1,0.070662054,0.035145267,6.439412566,32
11834,11/6/2013,134210.526315789,0,0.058543047,0.025609157,15.82323544,9
11858,11/6/2013,212500,0,0.199430788,0.081943463,1.222132754,70
11863,11/6/2013,178787.878787879,0,0.069670879,0.130617806,6.343764814,33
11866,11/6/2013,146385.542168675,0,0.070662054,0.035145267,11.38249774,16
11903,11/7/2013,137837.837837838,0,0.058543047,0.025609157,15.97225298,7
11924,11/7/2013,167368.421052632,1,0.331075802,0.000991,8.480654496,44
11958,11/8/2013,183333.333333333,0,0.133372781,0.309479124,5.496998655,37
11963,11/8/2013,152631.578947368,0,0.133372781,0.309479124,5.485983907,38
12020,11/11/2013,179032.258064516,0,0.070662054,0.035145267,7.968353861,25
12027,11/11/2013,195679.012345679,0,0.070662054,0.035145267,6.948325015,29
12044,11/12/2013,46163.6363636364,1,0.169625419,0.019508796,1.827734252,43
12053,11/12/2013,162500,0,0.069670879,0.130617806,7.372574671,27
12054,11/12/2013,185294.117647059,0,0.070662054,0.035145267,7.131757638,27
12060,11/12/2013,205263.157894737,0,0.070662054,0.035145267,7.702870235,24
12070,11/12/2013,210909.090909091,0,0.199430788,0.081943463,0.820754809,41
12109,11/13/2013,206185.567010309,0,0.070662054,0.035145267,6.10440877,32
12117,11/14/2013,155637.72,0,0.169625419,0.019508796,3.662458577,43
12128,11/14/2013,266666.666666667,0,0.199430788,0.081943463,0.557775492,43
12179,11/14/2013,168637.5,1,0.169625419,0.019508796,6.035625615,36
12216,11/15/2013,54842.1052631579,1,0.070662054,0.035145267,6.804285745,30
12229,11/18/2013,144358.974358974,0,0.058543047,0.025609157,15.65334034,9
12244,11/18/2013,124528.301886792,0,0.058543047,0.025609157,15.42997878,9
12251,11/18/2013,217142.857142857,0,0.169625419,0.019508796,1.25027792,39
12317,11/20/2013,164383.561643836,0,0.070662054,0.035145267,6.44666631,32
12355,11/20/2013,178461.538461538,0,0.169625419,0.019508796,3.342798691,35
12362,11/21/2013,160606.060606061,0,0.169625419,0.019508796,4.796017687,38
12384,11/21/2013,144901.639344262,0,0.133372781,0.309479124,6.810398073,36
12401,11/22/2013,208333.333333333,0,0.331075802,0.000991,8.232738084,48
12403,11/22/2013,158064.516129032,0,0.133372781,0.309479124,4.889675891,42
12438,11/25/2013,129629.62962963,0,0.058543047,0.025609157,14.79303403,9
12456,11/25/2013,158730.158730159,0,0.083809588,0.371148999,12.4226634,11
12523,11/26/2013,166051.648351648,0,0.169625419,0.019508796,6.154473769,36
12525,11/26/2013,212500,0,0.169625419,0.019508796,1.475277033,35
12531,11/27/2013,162222.222222222,0,0.069670879,0.130617806,6.753705005,30
12547,11/27/2013,154054.054054054,0,0.083809588,0.371148999,13.0287749,10
12576,11/27/2013,168181.818181818,0,0.069670879,0.130617806,8.454981832,27
12581,11/27/2013,123529.411764706,0,0.058543047,0.025609157,14.198621,10
12599,11/28/2013,112837.837837838,0,0.058543047,0.025609157,16.18206195,7
12632,11/29/2013,156756.756756757,0,0.083809588,0.371148999,12.0132408,20
12654,11/29/2013,121621.621621622,0,0.331075802,0.000991,8.736544004,28
12674,12/2/2013,195111.111111111,0,0.070662054,0.035145267,7.259919475,25
12702,12/2/2013,168518.518518519,0,0.331075802,0.000991,8.828713813,29
12727,12/3/2013,158181.818181818,0,0.070662054,0.035145267,8.31973407,25
12746,12/3/2013,197058.823529412,0,0.070662054,0.035145267,6.010414424,32
12762,12/3/2013,135365.853658537,0,0.083809588,0.371148999,12.4058684,15
12763,12/3/2013,202020.202020202,0,0.297166335,0,7.993044592,19
12767,12/4/2013,155172.413793103,0,0.069670879,0.130617806,9.045166111,23
12806,12/4/2013,222222.222222222,0,0.297166335,0,7.764621462,21
12827,12/5/2013,203125,0,0.070662054,0.035145267,8.955545043,23
12859,12/6/2013,169230.769230769,0,0.069670879,0.130617806,6.941005324,29
12864,12/6/2013,138043.47826087,0,0.133372781,0.309479124,6.48695381,36
12870,12/6/2013,193037.833333333,1,0.169625419,0.019508796,4.66349667,36
12911,12/9/2013,228000,0,0.297166335,0,7.231331108,23
12917,12/9/2013,197368.421052632,0,0.297166335,0,7.379864223,18
12926,12/9/2013,140000,0,0.058543047,0.025609157,15.35400673,9
12937,12/9/2013,159367.76119403,0,0.169625419,0.019508796,6.154473769,36
12991,12/11/2013,153658.536585366,0,0.069670879,0.130617806,7.883206624,27
12999,12/11/2013,176115.384615385,0,0.169625419,0.019508796,6.154473769,36
13054,12/12/2013,167434.2,0,0.169625419,0.019508796,6.154473769,36
13059,12/12/2013,205479.452054795,0,0.169625419,0.019508796,1.508487413,40
13066,12/12/2013,185365.853658537,0,0.070662054,0.035145267,7.982183305,26
13093,12/13/2013,159332.727272727,1,0.169625419,0.019508796,6.154473769,36
13098,12/13/2013,167434.2,0,0.169625419,0.019508796,6.154473769,36
13119,12/14/2013,152500,0,0.069670879,0.130617806,9.197727599,20
13133,12/16/2013,163178.181818182,1,0.169625419,0.019508796,6.035625615,36
13198,12/17/2013,170754.716981132,0,0.133372781,0.309479124,4.83047934,43
13204,12/18/2013,121794.871794872,0,0.083809588,0.371148999,11.99526534,18
13232,12/18/2013,113049.176470588,0,0.058543047,0.025609157,15.63336544,8
13249,12/19/2013,119000,0,0.083809588,0.371148999,13.32601103,10
13300,12/20/2013,222368.421052632,0,0.297166335,0,7.673622428,22
13305,12/20/2013,132130.476190476,0,0.058543047,0.025609157,15.63336544,8
13311,12/21/2013,175000,0,0.070662054,0.035145267,8.009093042,27
13312,12/21/2013,260377.358490566,0,0.169625419,0.019508796,3.792005768,39
13344,12/23/2013,219607.843137255,0,0.297166335,0,7.361599119,21
13349,12/23/2013,125438.596491228,0,0.058543047,0.025609157,15.34224003,8
13387,12/24/2013,150201.388888889,0,0.169625419,0.019508796,6.154473769,36
13398,12/24/2013,154716.981132075,0,0.058543047,0.025609157,16.03001731,8
13428,12/25/2013,121818.181818182,0,0.069670879,0.130617806,9.44309323,22
13454,12/26/2013,153731.343283582,0,0.133372781,0.309479124,5.381208214,37
13465,12/26/2013,178048.780487805,0,0.070662054,0.035145267,7.385160604,27
13471,12/26/2013,183653.846153846,0,0.169625419,0.019508796,0.110483486,51
13472,12/26/2013,157142.857142857,0,0.331075802,0.000991,8.247085453,47
13498,12/27/2013,131578.947368421,0,0.058543047,0.025609157,15.01297058,10
13501,12/27/2013,149206.349206349,0,0.083809588,0.371148999,12.28532836,12
13513,12/27/2013,169230.769230769,0,0.133372781,0.309479124,7.859823299,31
13539,12/30/2013,150000,0,0.083809588,0.371148999,11.41013722,21
13540,12/30/2013,163418.181818182,0,0.169625419,0.019508796,6.154473769,36
13558,12/31/2013,155263.157894737,0,0.083809588,0.371148999,12.34307139,16
13588,1/9/2014,165307.352941176,1,0.169625419,0.019508796,6.154473769,36
13602,1/10/2014,234210.526315789,0,0.070662054,0.035145267,5.997223353,33
13603,1/10/2014,148888.888888889,0,0.133372781,0.309479124,8.437609413,32
13609,1/10/2014,218493.150684932,0,0.169625419,0.019508796,5.115276595,40
13612,1/10/2014,133333.333333333,0,0.133372781,0.309479124,5.445536376,38
13638,1/10/2014,159721.333333333,1,0.169625419,0.019508796,6.154473769,36
13647,1/11/2014,154716.981132075,0,0.058543047,0.025609157,15.49395385,8
13668,1/13/2014,200000,0,0.169625419,0.019508796,5.21786657,36
13714,1/14/2014,238805.970149254,0,0.199430788,0.081943463,0.932237924,43
13717,1/14/2014,155000,0,0.069670879,0.130617806,8.02458667,27
13755,1/15/2014,216216.216216216,0,0.297166335,0,7.27091791,22
13759,1/15/2014,178431.37254902,0,0.083809588,0.371148999,11.41013722,21
13802,1/16/2014,148571.428571429,0,0.069670879,0.130617806,9.315843211,21
13877,1/18/2014,142307.692307692,0,0.058543047,0.025609157,15.62460506,7
13893,1/20/2014,189189.189189189,0,0.331075802,0.000991,7.862939878,45
13909,1/20/2014,173747.727272727,0,0.169625419,0.019508796,6.035625615,36
13935,1/21/2014,200000,0,0.169625419,0.019508796,5.468580111,38
13952,1/21/2014,168504,0,0.169625419,0.019508796,6.154473769,36
14001,1/22/2014,160465.11627907,0,0.069670879,0.130617806,7.889070323,26
14004,1/22/2014,109375,0,0.133372781,0.309479124,6.48695381,36
14008,1/22/2014,223809.523809524,0,0.070662054,0.035145267,11.28453528,16
14025,1/23/2014,158860.759493671,0,0.058543047,0.025609157,15.62460506,7
14084,1/24/2014,205263.157894737,0,0.297166335,0,7.525104818,21
14092,1/24/2014,152631.578947368,0,0.058543047,0.025609157,15.9681008,8
14106,1/24/2014,162245.066666667,0,0.169625419,0.019508796,6.154473769,36
14172,1/27/2014,143902.43902439,0,0.083809588,0.371148999,12.17137516,19
14181,1/27/2014,227222.222222222,0,0.331075802,0.000991,8.622230136,44
14191,1/28/2014,177500,0,0.133372781,0.309479124,7.859823299,31
14228,1/28/2014,161066.666666667,1,0.169625419,0.019508796,6.154473769,36
14234,1/28/2014,166666.666666667,0,0.083809588,0.371148999,11.22848159,21
14256,1/28/2014,142857.142857143,0,0.058543047,0.025609157,15.62460506,7
14285,1/29/2014,189473.684210526,0,0.169625419,0.019508796,4.924894681,37
14324,1/29/2014,176000,0,0.331075802,0.000991,8.927207216,28
14379,1/30/2014,133280.428571429,0,0.058543047,0.025609157,15.63336544,8
14403,1/31/2014,201351.351351351,0,0.169625419,0.019508796,1.392683182,41
14447,2/1/2014,224418.604651163,1,0.331075802,0.000991,7.971951404,35
14493,2/3/2014,212987.012987013,0,0.297166335,0,7.133850338,24
14499,2/3/2014,164444.444444444,0,0.133372781,0.309479124,5.445536376,38
14534,2/4/2014,168043.75,0,0.169625419,0.019508796,6.154473769,36
14562,2/4/2014,133750,0,0.058543047,0.025609157,15.01827723,8
14589,2/5/2014,233333.333333333,0,0.169625419,0.019508796,4.141989898,41
14591,2/5/2014,204819.277108434,0,0.297166335,0,7.909311706,19
14597,2/5/2014,194594.594594595,0,0.070662054,0.035145267,7.11080269,28
14618,2/5/2014,203947.368421053,1,0.069670879,0.130617806,9.729141828,20
14640,2/6/2014,137096.774193548,0,0.133372781,0.309479124,6.628104378,36
14655,2/6/2014,139516.129032258,0,0.058543047,0.025609157,16.19941188,8
14659,2/6/2014,140425.531914894,0,0.069670879,0.130617806,9.625592216,22
14683,2/6/2014,153846.153846154,0,0.070662054,0.035145267,7.28522545,28
14687,2/6/2014,174635.205479452,1,0.169625419,0.019508796,6.118916969,37
14693,2/6/2014,157894.736842105,0,0.058543047,0.025609157,16.05010608,9
14706,2/7/2014,176045.138888889,0,0.169625419,0.019508796,6.154473769,36
14713,2/7/2014,168877.333333333,0,0.169625419,0.019508796,6.154473769,36
14714,2/7/2014,255405.405405405,0,0.297166335,0,7.319460286,23
14738,2/7/2014,125000,0,0.083809588,0.371148999,13.0771056,10
14742,2/7/2014,179032.258064516,0,0.070662054,0.035145267,7.968353861,25
14756,2/8/2014,178333.333333333,0,0.069670879,0.130617806,6.564695874,32
14764,2/8/2014,132258.064516129,0,0.058543047,0.025609157,15.4939505,8
14808,2/10/2014,147500,0,0.083809588,0.371148999,12.17137516,19
14826,2/10/2014,177631.578947368,0,0.331075802,0.000991,8.542599688,46
14833,2/11/2014,46163.6363636364,1,0.169625419,0.019508796,1.827734252,43
14836,2/11/2014,130741.379310345,0,0.069670879,0.130617806,8.213257943,27
14842,2/11/2014,105822.64,0,0.133372781,0.309479124,6.524656096,37
14856,2/11/2014,185294.117647059,0,0.169625419,0.019508796,1.642786607,40
14909,2/12/2014,285714.285714286,1,0.169625419,0.019508796,3.759125033,42
14913,2/12/2014,213409.090909091,0,0.070662054,0.035145267,6.033860065,32
14930,2/12/2014,137037.037037037,0,0.058543047,0.025609157,16.03001731,8
14939,2/12/2014,170270.27027027,0,0.331075802,0.000991,7.905017816,40
14940,2/12/2014,181333.333333333,0,0.331075802,0.000991,7.797471896,45
14947,2/13/2014,153947.368421053,0,0.058543047,0.025609157,15.65722217,8
14960,2/13/2014,216216.216216216,0,0.297166335,0,7.824093584,20
15003,2/13/2014,138000,0,0.069670879,0.130617806,7.665054189,26
15006,2/14/2014,156603.773584906,0,0.058543047,0.025609157,15.7828433,8
15043,2/14/2014,170588.235294118,0,0.069670879,0.130617806,8.345842543,26
15044,2/14/2014,162773.333333333,0,0.169625419,0.019508796,6.154473769,36
15053,2/15/2014,136585.365853659,0,0.058543047,0.025609157,15.56432479,8
15058,2/15/2014,115254.237288136,0,0.083809588,0.371148999,11.75040938,20
15063,2/15/2014,200000,0,0.070662054,0.035145267,8.045943035,25
15070,2/17/2014,162834.545454545,0,0.169625419,0.019508796,6.154473769,36
15072,2/17/2014,225000,0,0.169625419,0.019508796,3.726225908,43
15073,2/17/2014,178313.253012048,0,0.297166335,0,6.828562624,24
15083,2/17/2014,144318.181818182,0,0.083809588,0.371148999,12.59762003,11
15108,2/17/2014,126984.126984127,1,0.169625419,0.019508796,1.303955949,43
15147,2/18/2014,182352.941176471,0,0.070662054,0.035145267,7.131757638,27
15266,2/20/2014,203703.703703704,0,0.297166335,0,7.659779851,21
15270,2/20/2014,134146.341463415,0,0.058543047,0.025609157,15.4939505,8
15304,2/21/2014,131707.317073171,0,0.169625419,0.019508796,0.518167516,47
15325,2/22/2014,211320.754716981,0,0.297166335,0,7.717085981,18
15326,2/22/2014,128048.780487805,0,0.083809588,0.371148999,11.22848159,21
15327,2/24/2014,167510.6,0,0.169625419,0.019508796,6.154473769,36
15333,2/24/2014,133962.264150943,0,0.058543047,0.025609157,15.40315297,8
15338,2/24/2014,141176.470588235,0,0.058543047,0.025609157,14.1742066,10
15355,2/24/2014,170175.438596491,0,0.070662054,0.035145267,8.751416012,21
15364,2/25/2014,177448.732394366,0,0.169625419,0.019508796,6.154473769,36
15378,2/25/2014,130985.915492958,0,0.069670879,0.130617806,8.957202583,24
15394,2/25/2014,155263.157894737,0,0.083809588,0.371148999,12.6055929,11
15404,2/25/2014,130120.481927711,0,0.058543047,0.025609157,15.62460506,7
15417,2/26/2014,156060.606060606,0,0.133372781,0.309479124,4.926846155,40
15434,2/26/2014,176315.789473684,0,0.070662054,0.035145267,7.666224777,27
15443,2/26/2014,88219.5873015873,0,0.083809588,0.371148999,12.21383392,15
15478,2/26/2014,124074.074074074,0,0.083809588,0.371148999,13.1579499,10
15520,2/27/2014,163284.112149533,0,0.169625419,0.019508796,6.154473769,36
15560,2/28/2014,203030.303030303,0,0.331075802,0.000991,7.303177772,47
15570,2/28/2014,172720,1,0.169625419,0.019508796,6.154473769,36
15582,2/28/2014,85869.5652173913,0,0.083809588,0.371148999,11.79273625,20
15585,3/1/2014,177702.702702703,0,0.297166335,0,7.971365077,19
15618,3/3/2014,193333.333333333,0,0.331075802,0.000991,8.206190082,46
15631,3/3/2014,174137.931034483,0,0.133372781,0.309479124,8.39007493,34
15656,3/4/2014,135849.056603774,0,0.083809588,0.371148999,11.22848159,21
15682,3/4/2014,163157.894736842,0,0.133372781,0.309479124,7.615372107,35
15689,3/4/2014,182432.432432432,0,0.331075802,0.000991,7.112504631,47
15693,3/4/2014,88702.9836065574,0,0.083809588,0.371148999,12.21383392,15
15752,3/5/2014,133962.264150943,0,0.058543047,0.025609157,16.19941188,8
15754,3/5/2014,121710.526315789,0,0.083809588,0.371148999,11.22848159,21
15756,3/5/2014,151587.301587302,0,0.133372781,0.309479124,8.010201314,31
15757,3/5/2014,224358.974358974,0,0.331075802,0.000991,8.361309566,44
15805,3/6/2014,181272.727272727,0,0.133372781,0.309479124,7.652660693,37
15835,3/7/2014,147368.421052632,0,0.058543047,0.025609157,15.62460506,7
15839,3/7/2014,222077.922077922,0,0.297166335,0,8.041532275,19
15846,3/7/2014,87119.5737704918,0,0.083809588,0.371148999,12.21383392,15
15858,3/10/2014,197727.272727273,0,0.070662054,0.035145267,7.76529025,23
15863,3/10/2014,163513.513513514,0,0.083809588,0.371148999,12.75509186,15
15867,3/11/2014,155555.555555556,0,0.058543047,0.025609157,15.41071546,8
15876,3/11/2014,135526.315789474,0,0.058543047,0.025609157,16.10211589,9
15895,3/11/2014,157894.736842105,0,0.058543047,0.025609157,16.26852529,8
15916,3/12/2014,156329.113924051,0,0.133372781,0.309479124,6.794335225,36
15919,3/12/2014,175324.675324675,0,0.331075802,0.000991,7.337843904,46
15965,3/13/2014,142307.692307692,0,0.083809588,0.371148999,11.84106506,20
15991,3/13/2014,172727.272727273,0,0.331075802,0.000991,7.203229251,48
15996,3/13/2014,156097.56097561,0,0.133372781,0.309479124,5.886557839,35
16019,3/13/2014,153571.428571429,0,0.133372781,0.309479124,6.810398073,36
16053,3/14/2014,82176.3896103896,0,0.083809588,0.371148999,12.21383392,15
16071,3/15/2014,172946.666666667,0,0.169625419,0.019508796,6.154473769,36
16101,3/17/2014,88440.4262295082,0,0.083809588,0.371148999,12.21383392,15
16104,3/17/2014,150000,0,0.083809588,0.371148999,12.96927829,12
16139,3/17/2014,162962.962962963,0,0.069670879,0.130617806,6.013762019,33
16140,3/17/2014,88879.7049180328,0,0.083809588,0.371148999,12.21383392,15
16146,3/18/2014,89351,0,0.083809588,0.371148999,12.21383392,15
16151,3/18/2014,82354,0,0.083809588,0.371148999,12.21383392,15
16169,3/18/2014,125396.825396825,0,0.083809588,0.371148999,13.54667187,10
16175,3/18/2014,172946.666666667,0,0.169625419,0.019508796,6.154473769,36
16197,3/18/2014,145714.285714286,0,0.058543047,0.025609157,15.49360439,8
16221,3/19/2014,139726.02739726,0,0.069670879,0.130617806,9.582706465,21
16241,3/19/2014,79066.3780487805,0,0.083809588,0.371148999,12.21383392,15
16243,3/19/2014,80972,0,0.083809588,0.371148999,12.21383392,15
16244,3/19/2014,174000,0,0.133372781,0.309479124,5.266349228,38
16278,3/20/2014,94000,1,0.058543047,0.025609157,15.49360439,8
16317,3/21/2014,154054.054054054,0,0.083809588,0.371148999,13.0287749,10
16347,3/21/2014,207894.736842105,0,0.083809588,0.371148999,12.6055929,11
16361,3/21/2014,146341.463414634,0,0.199430788,0.081943463,1.580412513,75
16364,3/21/2014,77300,0,0.083809588,0.371148999,12.21383392,15
16379,3/22/2014,208181.818181818,0,0.169625419,0.019508796,1.842771518,41
16438,3/24/2014,158490.566037736,0,0.070662054,0.035145267,7.760019169,28
16467,3/25/2014,87555.8196721312,0,0.083809588,0.371148999,12.21383392,15
16471,3/25/2014,164473.684210526,0,0.133372781,0.309479124,4.711308333,43
16475,3/25/2014,81703,0,0.083809588,0.371148999,12.21383392,15
16484,3/25/2014,161743.076923077,0,0.169625419,0.019508796,6.154473769,36
16493,3/25/2014,191250,0,0.133372781,0.309479124,7.950914368,34
16498,3/25/2014,150740,0,0.169625419,0.019508796,6.035625615,36
16522,3/25/2014,134939.759036145,0,0.058543047,0.025609157,15.37423326,8
16533,3/26/2014,216216.216216216,0,0.070662054,0.035145267,8.150944596,25
16546,3/26/2014,90701,0,0.083809588,0.371148999,12.21383392,15
16581,3/26/2014,87927,0,0.083809588,0.371148999,12.21383392,15
16608,3/27/2014,81763.1948051948,0,0.083809588,0.371148999,12.21383392,15
16642,3/27/2014,177922.077922078,0,0.169625419,0.019508796,3.438806272,42
16646,3/27/2014,165860.869565217,0,0.070662054,0.035145267,7.406068196,28
16694,3/28/2014,92695.8852459016,0,0.083809588,0.371148999,12.21383392,15
16723,3/29/2014,160000,0,0.069670879,0.130617806,8.00041997,27
16759,3/31/2014,264929.203539823,1,0.169625419,0.019508796,1.133245768,41
16832,4/1/2014,229508.196721311,0,0.199430788,0.081943463,0.932237924,43
16863,4/2/2014,125000,0,0.058543047,0.025609157,15.84409193,8
16867,4/2/2014,181111.111111111,0,0.331075802,0.000991,7.905234536,47
16909,4/2/2014,253521.126760563,0,0.199430788,0.081943463,0.311307815,42
16913,4/2/2014,197777.777777778,0,0.169625419,0.019508796,5.142207101,36
16927,4/3/2014,85682.974025974,0,0.083809588,0.371148999,12.21383392,15
16938,4/3/2014,140740.740740741,0,0.083809588,0.371148999,11.41013722,21
16943,4/3/2014,200000,0,0.070662054,0.035145267,7.11080269,28
16950,4/3/2014,253947.368421053,1,0.169625419,0.019508796,3.761919232,38
16964,4/3/2014,92783.737704918,0,0.083809588,0.371148999,12.21383392,15
16978,4/3/2014,196296.296296296,0,0.331075802,0.000991,7.962815771,31
16979,4/4/2014,160975.609756098,0,0.133372781,0.309479124,7.652660693,37
16984,4/4/2014,90398.5081967213,0,0.083809588,0.371148999,12.21383392,15
16996,4/4/2014,97845.25,0,0.083809588,0.371148999,12.21383392,15
16997,4/4/2014,134210.526315789,0,0.083809588,0.371148999,12.77253713,13
17012,4/4/2014,153846.153846154,0,0.070662054,0.035145267,7.966311075,28
17016,4/4/2014,70715.9090909091,1,0.070662054,0.035145267,7.948037676,24
17020,4/4/2014,178033.333333333,0,0.169625419,0.019508796,6.154473769,36
17025,4/4/2014,154716.981132075,0,0.058543047,0.025609157,15.49395385,8
17028,4/4/2014,118461.538461538,0,0.069670879,0.130617806,8.893146023,26
17038,4/5/2014,139534.88372093,0,0.069670879,0.130617806,7.835703496,26
17039,4/5/2014,90824.0158730159,0,0.083809588,0.371148999,12.21383392,15
17040,4/5/2014,85292,0,0.083809588,0.371148999,12.21383392,15
17041,4/5/2014,148113.20754717,0,0.058543047,0.025609157,15.81565594,7
17065,4/7/2014,148780.487804878,0,0.069670879,0.130617806,9.487880635,21
17080,4/7/2014,133333.333333333,0,0.069670879,0.130617806,8.649855295,25
17082,4/7/2014,177702.702702703,0,0.331075802,0.000991,8.825342349,43
17087,4/7/2014,162790.697674419,0,0.070662054,0.035145267,8.389921604,24
17089,4/7/2014,93149.3606557377,0,0.083809588,0.371148999,12.21383392,15
17091,4/7/2014,142000,0,0.069670879,0.130617806,9.381137785,22
17112,4/8/2014,201351.351351351,0,0.169625419,0.019508796,4.877465748,38
17121,4/8/2014,118644.06779661,0,0.083809588,0.371148999,14.34686273,9
17137,4/8/2014,183076.923076923,0,0.331075802,0.000991,9.073015659,42
17150,4/8/2014,164705.882352941,0,0.331075802,0.000991,9.200533619,28
17167,4/9/2014,196078.431372549,1,0.169625419,0.019508796,3.792005768,39
17170,4/9/2014,138888.888888889,0,0.058543047,0.025609157,15.55847175,8
17173,4/9/2014,156410.256410256,0,0.069670879,0.130617806,8.893146023,26
17196,4/9/2014,84450.253164557,0,0.083809588,0.371148999,12.21383392,15
17200,4/9/2014,161764.705882353,0,0.069670879,0.130617806,9.241843729,20
17209,4/10/2014,255405.405405405,0,0.169625419,0.019508796,1.433294231,40
17232,4/10/2014,171610.526315789,0,0.169625419,0.019508796,6.154473769,36
17241,4/10/2014,89929.5409836066,0,0.083809588,0.371148999,12.21383392,15
17243,4/10/2014,223529.411764706,0,0.169625419,0.019508796,5.468580111,38
17262,4/11/2014,84584.7831325301,0,0.083809588,0.371148999,12.21383392,15
17278,4/11/2014,168750,0,0.133372781,0.309479124,8.593443792,31
17284,4/11/2014,88740.873015873,0,0.083809588,0.371148999,12.21383392,15
17286,4/11/2014,119565.217391304,0,0.083809588,0.371148999,12.61630765,10
17314,4/12/2014,138750,0,0.058543047,0.025609157,15.36165773,9
17321,4/12/2014,143127.678571429,1,0.331075802,0.000991,8.188557381,45
17349,4/14/2014,92556.5245901639,0,0.083809588,0.371148999,12.21383392,15
17384,4/14/2014,161741.862745098,0,0.169625419,0.019508796,6.154473769,36
17393,4/14/2014,91302.5081967213,0,0.083809588,0.371148999,12.21383392,15
17444,4/15/2014,86972.1392405063,0,0.083809588,0.371148999,12.21383392,15
17445,4/15/2014,251923.076923077,0,0.199430788,0.081943463,0.92941425,39
17449,4/15/2014,128947.368421053,0,0.083809588,0.371148999,12.25049194,15
17461,4/15/2014,175153.50877193,1,0.070662054,0.035145267,7.21856072,27
17466,4/16/2014,234545.454545455,1,0.169625419,0.019508796,3.761919232,38
17510,4/16/2014,257333.333333333,0,0.199430788,0.081943463,0.820754809,41
17511,4/16/2014,177333.333333333,0,0.331075802,0.000991,8.828713813,29
17546,4/17/2014,220270.27027027,0,0.070662054,0.035145267,7.374381974,28
17555,4/17/2014,194210.526315789,0,0.069670879,0.130617806,6.069918014,33
17591,4/18/2014,197368.421052632,0,0.297166335,0,7.76670048,21
17654,4/21/2014,200000,0,0.169625419,0.019508796,0.375749318,49
17656,4/21/2014,159740.25974026,0,0.331075802,0.000991,8.927207216,28
17658,4/21/2014,214814.814814815,0,0.133372781,0.309479124,5.266349228,38
17660,4/21/2014,148333.333333333,0,0.133372781,0.309479124,4.813462485,36
17668,4/21/2014,134090.909090909,0,0.133372781,0.309479124,5.381208214,37
17676,4/21/2014,88440.4262295082,0,0.083809588,0.371148999,12.21383392,15
17697,4/22/2014,87108.1807228916,0,0.083809588,0.371148999,12.21383392,15
17708,4/22/2014,180474.418604651,0,0.199430788,0.081943463,0.466070959,53
17728,4/22/2014,194736.842105263,0,0.297166335,0,7.660835671,18
17750,4/23/2014,92962.6393442623,0,0.083809588,0.371148999,12.21383392,15
17768,4/23/2014,130769.230769231,0,0.058543047,0.025609157,15.48369303,9
17773,4/23/2014,150000,0,0.133372781,0.309479124,8.536873914,32
17778,4/23/2014,132258.064516129,0,0.058543047,0.025609157,16.19941188,8
17796,4/23/2014,184210.526315789,0,0.133372781,0.309479124,7.482074011,38
17847,4/24/2014,92328.5967741936,0,0.083809588,0.371148999,12.21383392,15
17849,4/24/2014,214285.714285714,0,0.169625419,0.019508796,1.416578399,36
17852,4/24/2014,197674.418604651,0,0.070662054,0.035145267,6.589063013,31
17861,4/25/2014,225000,0,0.169625419,0.019508796,3.489349645,31
17879,4/25/2014,161842.105263158,0,0.083809588,0.371148999,10.4012047,22
17899,4/25/2014,220338.983050847,0,0.169625419,0.019508796,2.820693135,43
17903,4/26/2014,202702.702702703,0,0.069670879,0.130617806,7.698728419,27
17931,4/28/2014,100903.196078431,0,0.083809588,0.371148999,12.21383392,15
17956,4/28/2014,232142.857142857,1,0.070662054,0.035145267,7.623267455,28
17999,4/29/2014,205405.405405405,0,0.070662054,0.035145267,7.342813735,28
18009,4/29/2014,151136.363636364,0,0.083809588,0.371148999,13.54667187,10
18019,4/29/2014,160526.315789474,0,0.083809588,0.371148999,11.94407278,20
18028,4/29/2014,148484.848484848,0,0.070662054,0.035145267,7.84971161,26
18043,4/30/2014,171428.571428571,0,0.070662054,0.035145267,6.723172345,31
18045,4/30/2014,209322.033898305,0,0.070662054,0.035145267,6.739375013,31
18054,4/30/2014,166356.164383562,0,0.169625419,0.019508796,5.011800889,43
18091,5/4/2014,207894.736842105,0,0.297166335,0,7.949026807,17
18108,5/5/2014,150000,0,0.083809588,0.371148999,12.22352138,19
18131,5/5/2014,91094.7301587302,0,0.083809588,0.371148999,12.21383392,15
18151,5/6/2014,162500,0,0.133372781,0.309479124,8.286874635,32
18171,5/6/2014,242105.263157895,0,0.297166335,0,7.686183292,24
18208,5/7/2014,129333.333333333,0,0.058543047,0.025609157,16.05010608,9
18209,5/7/2014,152307.692307692,0,0.133372781,0.309479124,7.347838608,38
18249,5/8/2014,227884.615384615,0,0.297166335,0,8.324556755,18
18255,5/8/2014,216216.216216216,0,0.297166335,0,7.74691532,21
18259,5/8/2014,99420.2884615385,0,0.083809588,0.371148999,12.21383392,15
18286,5/8/2014,129069.76744186,0,0.069670879,0.130617806,9.447809528,22
18293,5/11/2014,154545.454545455,0,0.083809588,0.371148999,11.75040938,20
18296,5/11/2014,86368.1012658228,0,0.083809588,0.371148999,12.21383392,15
18299,5/11/2014,86797.1898734177,0,0.083809588,0.371148999,12.21383392,15
18303,5/12/2014,86365.0886075949,0,0.083809588,0.371148999,12.21383392,15
18342,5/12/2014,211290.322580645,1,0.069670879,0.130617806,8.703836745,26
18355,5/13/2014,83717.4050632911,0,0.083809588,0.371148999,12.21383392,15
18385,5/13/2014,215625,0,0.169625419,0.019508796,4.683903087,37
18387,5/13/2014,246153.846153846,0,0.070662054,0.035145267,6.214909823,36
18397,5/14/2014,240740.740740741,0,0.169625419,0.019508796,2.016443567,34
18401,5/14/2014,100412.980769231,0,0.083809588,0.371148999,12.21383392,15
18403,5/14/2014,99608.6666666667,0,0.083809588,0.371148999,12.21383392,15
18410,5/14/2014,86194.6582278481,0,0.083809588,0.371148999,12.21383392,15
18423,5/14/2014,92065,0,0.083809588,0.371148999,12.21383392,15
18459,5/15/2014,90539.2222222222,1,0.083809588,0.371148999,12.21383392,15
18513,5/16/2014,173964,0,0.169625419,0.019508796,6.154473769,36
18522,5/16/2014,141414.141414141,0,0.083809588,0.371148999,11.94719098,19
18568,5/19/2014,92697.9016393443,0,0.083809588,0.371148999,12.21383392,15
18569,5/19/2014,146551.724137931,0,0.069670879,0.130617806,8.542714016,27
18630,5/20/2014,141613.636363636,0,0.133372781,0.309479124,7.270806613,37
18636,5/20/2014,98625.7307692308,0,0.083809588,0.371148999,12.21383392,15
18637,5/20/2014,211392.405063291,0,0.070662054,0.035145267,6.948325015,29
18641,5/20/2014,250000,0,0.169625419,0.019508796,4.141989898,41
18653,5/20/2014,184375,0,0.070662054,0.035145267,7.860028548,23
18662,5/20/2014,93534.6774193548,0,0.058543047,0.025609157,15.63336544,8
18669,5/20/2014,166666.666666667,0,0.331075802,0.000991,8.206190082,46
18682,5/21/2014,218750,0,0.297166335,0,7.379864223,18
18696,5/21/2014,181705.263157895,0,0.169625419,0.019508796,6.035625615,36
18721,5/21/2014,101408.039215686,0,0.083809588,0.371148999,12.21383392,15
18723,5/21/2014,214814.814814815,0,0.199430788,0.081943463,0.305479103,50
18749,5/22/2014,242727.272727273,0,0.199430788,0.081943463,0.589073107,38
18763,5/22/2014,147500,0,0.083809588,0.371148999,11.22848159,21
18774,5/22/2014,200000,0,0.070662054,0.035145267,7.548441298,28
18786,5/23/2014,254716.981132075,0,0.297166335,0,7.348526304,23
18797,5/23/2014,132467.532467532,0,0.058543047,0.025609157,14.79303403,9
18809,5/23/2014,207475.227272727,0,0.169625419,0.019508796,6.154473769,36
18855,5/26/2014,191463.414634146,0,0.069670879,0.130617806,7.118438942,28
18873,5/26/2014,210057.962264151,1,0.331075802,0.000991,9.320489479,43
18928,5/27/2014,168421.052631579,0,0.083809588,0.371148999,11.91657884,20
18932,5/27/2014,144186.046511628,0,0.133372781,0.309479124,8.279377508,32
18982,5/27/2014,232500,0,0.070662054,0.035145267,6.739375013,31
19023,5/28/2014,220370.37037037,0,0.169625419,0.019508796,1.392683182,41
19044,5/28/2014,166666.666666667,0,0.083809588,0.371148999,11.41013722,21
19119,5/30/2014,147692.307692308,0,0.331075802,0.000991,8.275513127,48
19153,5/30/2014,142553.191489362,0,0.069670879,0.130617806,7.665054189,26
19154,5/30/2014,230952.380952381,1,0.133372781,0.309479124,4.912127151,36
19190,5/31/2014,100416.480769231,0,0.083809588,0.371148999,12.21383392,15
19205,5/31/2014,86540.7215189873,0,0.083809588,0.371148999,12.21383392,15
19210,6/2/2014,169230.769230769,0,0.133372781,0.309479124,5.720875677,35
19238,6/2/2014,127687.212389381,0,0.169625419,0.019508796,1.133245768,41
19253,6/2/2014,94339.6226415094,0,0.083809588,0.371148999,12.6055929,11
19335,6/4/2014,144318.181818182,0,0.083809588,0.371148999,11.55512931,20
19359,6/5/2014,107890.875,0,0.133372781,0.309479124,9.625238462,29
19365,6/5/2014,93393.9841269841,0,0.083809588,0.371148999,12.21383392,15
19375,6/5/2014,180722.891566265,0,0.331075802,0.000991,7.337843904,46
19386,6/5/2014,93209.2380952381,0,0.083809588,0.371148999,12.21383392,15
19413,6/6/2014,150632.911392405,0,0.069670879,0.130617806,9.474968575,22
19433,6/6/2014,94657.131147541,0,0.083809588,0.371148999,12.21383392,15
19447,6/6/2014,97402.5974025974,0,0.133372781,0.309479124,6.402155445,38
19493,6/9/2014,137777.777777778,0,0.133372781,0.309479124,5.755842851,35
19511,6/9/2014,184523.80952381,0,0.070662054,0.035145267,6.209425176,33
19543,6/10/2014,158045.977011494,0,0.133372781,0.309479124,7.809134614,36
19648,6/14/2014,91911.3492063492,0,0.083809588,0.371148999,12.21383392,15
19649,6/14/2014,84964.7951807229,0,0.083809588,0.371148999,12.21383392,15
19669,6/16/2014,175000,0,0.069670879,0.130617806,9.314930893,23
19702,6/17/2014,160000,0,0.169625419,0.019508796,2.820693135,43
19729,6/17/2014,119780.21978022,0,0.069670879,0.130617806,8.723532746,26
19736,6/17/2014,186034.931506849,1,0.169625419,0.019508796,3.454707348,41
19753,6/17/2014,152631.578947368,0,0.058543047,0.025609157,16.27988909,8
19760,6/18/2014,142622.950819672,0,0.058543047,0.025609157,15.4939505,8
19780,6/18/2014,113750,0,0.058543047,0.025609157,15.76222852,7
19786,6/18/2014,180495.753424658,0,0.169625419,0.019508796,6.154473769,36
19818,6/19/2014,195614.035087719,0,0.133372781,0.309479124,5.381208214,37
19880,6/20/2014,91437.5873015873,0,0.083809588,0.371148999,12.21383392,15
19883,6/20/2014,157812.5,0,0.133372781,0.309479124,7.185447768,37
19894,6/20/2014,92211.1639344262,0,0.083809588,0.371148999,12.21383392,15
19902,6/20/2014,130000,0,0.058543047,0.025609157,14.79303403,9
19984,6/23/2014,144067.79661017,0,0.133372781,0.309479124,7.992471329,32
19987,6/23/2014,165151.515151515,0,0.331075802,0.000991,8.40752776,46
19992,6/23/2014,101219.269230769,1,0.083809588,0.371148999,12.21383392,15
20014,6/23/2014,251923.076923077,0,0.199430788,0.081943463,0.92941425,39
20020,6/23/2014,163636.363636364,0,0.069670879,0.130617806,8.681830509,25
20021,6/24/2014,141176.470588235,0,0.058543047,0.025609157,15.81565594,7
20032,6/24/2014,210256.41025641,0,0.169625419,0.019508796,3.191768139,43
20067,6/24/2014,228571.428571429,0,0.169625419,0.019508796,2.169614848,33
20090,6/25/2014,173134.328358209,0,0.070662054,0.035145267,7.926073969,20
20107,6/25/2014,166037.735849057,0,0.069670879,0.130617806,9.314930893,23
20151,6/25/2014,94968.7580645161,0,0.083809588,0.371148999,12.21383392,15
20160,6/26/2014,189655.172413793,0,0.331075802,0.000991,8.916821869,28
20167,6/26/2014,171880.909090909,0,0.169625419,0.019508796,6.154473769,36
20182,6/26/2014,91884.984375,0,0.083809588,0.371148999,12.21383392,15
20213,6/26/2014,224561.403508772,0,0.169625419,0.019508796,4.876481525,38
20241,6/27/2014,130612.244897959,0,0.083809588,0.371148999,13.11689216,10
20245,6/27/2014,143589.743589744,0,0.083809588,0.371148999,12.6055929,11
20265,6/27/2014,139772.727272727,0,0.070662054,0.035145267,11.37830669,16
20268,6/27/2014,255357.142857143,0,0.199430788,0.081943463,1.110084361,41
20296,6/27/2014,144444.444444444,0,0.070662054,0.035145267,7.560277291,25
20310,6/28/2014,162500,0,0.133372781,0.309479124,7.918771698,34
20322,6/28/2014,71428.5714285714,0,0.169625419,0.019508796,2.016443567,34
20333,6/28/2014,93271.296875,0,0.083809588,0.371148999,12.21383392,15
20362,6/30/2014,212121.212121212,0,0.169625419,0.019508796,2.276903966,37
20370,6/30/2014,226000,0,0.169625419,0.019508796,4.996830213,39
20371,6/30/2014,170731.707317073,0,0.069670879,0.130617806,8.553429655,26
20381,6/30/2014,227500,0,0.070662054,0.035145267,6.09673828,32
20383,6/30/2014,197297.297297297,0,0.070662054,0.035145267,7.11080269,28
20413,6/30/2014,223684.210526316,0,0.169625419,0.019508796,3.456929988,43
20464,6/30/2014,162857.142857143,0,0.069670879,0.130617806,7.682205484,27
20486,7/1/2014,212962.962962963,0,0.169625419,0.019508796,5.403596879,37
20510,7/1/2014,194444.444444444,0,0.331075802,0.000991,8.206190082,46
20516,7/1/2014,274509.803921569,0,0.069670879,0.130617806,7.698728419,27
20518,7/1/2014,216666.666666667,0,0.070662054,0.035145267,6.985684689,29
20552,7/3/2014,86158.8214285714,0,0.083809588,0.371148999,12.21383392,15
20586,7/4/2014,131395.348837209,0,0.070662054,0.035145267,6.980486544,28
20605,7/5/2014,183606.557377049,0,0.070662054,0.035145267,8.03525132,28
20623,7/7/2014,226315.789473684,0,0.331075802,0.000991,8.503272513,43
20630,7/7/2014,132203.389830508,0,0.133372781,0.309479124,5.381208214,37
20660,7/8/2014,123333.333333333,0,0.083809588,0.371148999,10.8364474,22
20680,7/8/2014,142105.263157895,0,0.133372781,0.309479124,6.377432247,39
20695,7/9/2014,127083.333333333,0,0.133372781,0.309479124,7.185447768,37
20773,7/11/2014,135714.285714286,0,0.058543047,0.025609157,15.62460506,7
20838,7/14/2014,86418.9036144578,0,0.083809588,0.371148999,12.21383392,15
20864,7/15/2014,167500,0,0.069670879,0.130617806,8.154889945,27
20865,7/15/2014,178738.636363636,0,0.169625419,0.019508796,6.154473769,36
20880,7/15/2014,151851.851851852,0,0.058543047,0.025609157,15.49395385,8
20963,7/18/2014,185937.5,0,0.133372781,0.309479124,5.485983907,38
21010,7/22/2014,264150.943396226,0,0.331075802,0.000991,8.961916396,43
21031,7/22/2014,183720.930232558,0,0.069670879,0.130617806,6.25970457,33
21046,7/23/2014,192105.263157895,0,0.070662054,0.035145267,7.017418182,27
21075,7/24/2014,157777.777777778,0,0.069670879,0.130617806,6.711791454,30
21083,7/24/2014,138461.538461538,0,0.083809588,0.371148999,14.31018897,9
21106,7/25/2014,164062.5,0,0.070662054,0.035145267,7.666224777,27
21124,7/28/2014,170588.235294118,0,0.069670879,0.130617806,8.970154641,23
21139,7/29/2014,164444.444444444,0,0.133372781,0.309479124,4.985571764,40
21170,7/30/2014,228000,1,0.169625419,0.019508796,5.312046323,37
21180,7/30/2014,194736.842105263,0,0.133372781,0.309479124,7.102665284,38
21238,8/1/2014,177631.578947368,0,0.070662054,0.035145267,7.616027095,25
21251,8/2/2014,136507.936507937,0,0.058543047,0.025609157,15.56432479,8
21253,8/4/2014,160000,0,0.133372781,0.309479124,4.372431339,38
21291,8/5/2014,108333.333333333,0,0.331075802,0.000991,7.775633321,48
21306,8/6/2014,197368.421052632,0,0.297166335,0,7.224195307,22
21328,8/6/2014,116666.666666667,0,0.083809588,0.371148999,10.14641162,25
21333,8/6/2014,157746.478873239,0,0.069670879,0.130617806,8.471251053,27
21341,8/7/2014,113802.816901408,0,0.331075802,0.000991,8.736544004,28
21342,8/7/2014,225000,0,0.169625419,0.019508796,4.857984875,37
21367,8/8/2014,193518.518518519,0,0.070662054,0.035145267,7.28522545,28
21378,8/8/2014,214285.714285714,0,0.297166335,0,7.606303308,21
21379,8/8/2014,249295.774647887,1,0.169625419,0.019508796,3.931447085,44
21382,8/8/2014,225641.025641026,0,0.169625419,0.019508796,4.015570776,44
21391,8/8/2014,184347.826086957,0,0.133372781,0.309479124,7.694609772,37
21449,8/12/2014,93690.234375,0,0.083809588,0.371148999,12.21383392,15
21451,8/12/2014,168000,0,0.069670879,0.130617806,9.582706465,21
21463,8/12/2014,194736.842105263,0,0.070662054,0.035145267,7.546227941,28
21482,8/13/2014,166955.283018868,0,0.169625419,0.019508796,6.035625615,36
21535,8/14/2014,105793.051282051,0,0.133372781,0.309479124,9.625238462,29
21583,8/16/2014,172593.220338983,0,0.169625419,0.019508796,6.154473769,36
21594,8/18/2014,203125,0,0.331075802,0.000991,7.303177772,47
21708,8/20/2014,153061.224489796,0,0.070662054,0.035145267,6.890390696,28
21717,8/20/2014,162222.222222222,0,0.069670879,0.130617806,7.13084987,26
21764,8/21/2014,194117.647058824,0,0.070662054,0.035145267,7.379164259,28
21829,8/23/2014,204347.826086957,0,0.070662054,0.035145267,7.76529025,23
21831,8/23/2014,218571.428571429,0,0.169625419,0.019508796,2.590268434,45
21844,8/25/2014,171350.46728972,1,0.169625419,0.019508796,6.118916969,37
21850,8/25/2014,169736.842105263,0,0.133372781,0.309479124,8.4801566,32
21859,8/25/2014,197222.222222222,0,0.070662054,0.035145267,6.565661756,30
21870,8/25/2014,178048.780487805,0,0.069670879,0.130617806,7.47502084,27
21874,8/25/2014,229245.283018868,0,0.297166335,0,7.688487584,20
21935,8/27/2014,239622.641509434,0,0.297166335,0,7.262471105,23
21936,8/27/2014,206666.666666667,0,0.169625419,0.019508796,0.382970758,51
21960,8/28/2014,226436.781609195,0,0.070662054,0.035145267,8.25721618,25
22027,8/29/2014,306410.256410256,0,0.199430788,0.081943463,1.978678449,74
22082,9/1/2014,177027.027027027,0,0.069670879,0.130617806,8.489533224,27
22085,9/1/2014,151428.571428571,0,0.133372781,0.309479124,6.417898179,34
22106,9/2/2014,166666.666666667,1,0.083809588,0.371148999,12.6055929,11
22122,9/2/2014,178435.135135135,1,0.169625419,0.019508796,6.035625615,36
22140,9/2/2014,173333.333333333,0,0.069670879,0.130617806,8.035841381,27
22225,9/4/2014,158536.585365854,0,0.069670879,0.130617806,8.21508627,27
22227,9/4/2014,196774.193548387,0,0.169625419,0.019508796,1.80085356,39
22257,9/5/2014,177586.206896552,0,0.331075802,0.000991,8.957863218,29
22280,9/6/2014,167283.733333333,0,0.169625419,0.019508796,6.154473769,36
22323,9/8/2014,193333.333333333,0,0.331075802,0.000991,7.426917502,39
22338,9/9/2014,181441.391304348,1,0.169625419,0.019508796,3.496785637,41
22347,9/9/2014,182142.857142857,0,0.133372781,0.309479124,4.195798397,32
22354,9/9/2014,175757.575757576,0,0.133372781,0.309479124,5.445536376,38
22362,9/9/2014,212500,0,0.070662054,0.035145267,7.369948943,27
22392,9/10/2014,141349.350649351,0,0.331075802,0.000991,8.188557381,45
22439,9/11/2014,208536.585365854,1,0.331075802,0.000991,8.375011958,35
22470,9/12/2014,159210.526315789,0,0.058543047,0.025609157,14.1742066,10
22522,9/15/2014,133720.930232558,0,0.070662054,0.035145267,7.920041546,27
22546,9/16/2014,173076.923076923,0,0.133372781,0.309479124,4.123256754,30
22587,9/16/2014,180421.962616822,1,0.169625419,0.019508796,6.118916969,37
22733,9/20/2014,179861.111111111,0,0.169625419,0.019508796,2.169614848,33
22747,9/22/2014,93775.765625,0,0.083809588,0.371148999,12.21383392,15
22830,9/23/2014,164705.882352941,0,0.058543047,0.025609157,16.05010608,9
22838,9/24/2014,228571.428571429,0,0.199430788,0.081943463,0.808179258,39
22851,9/24/2014,167305.866666667,0,0.169625419,0.019508796,6.154473769,36
22867,9/24/2014,325287.356321839,0,0.199430788,0.081943463,2.256485469,76
22927,9/25/2014,217948.717948718,0,0.169625419,0.019508796,1.416916517,37
23004,9/27/2014,116279.069767442,1,0.331075802,0.000991,8.38727638,35
23005,9/27/2014,160526.315789474,0,0.133372781,0.309479124,7.686576626,33
23019,9/29/2014,435483.870967742,0,0.199430788,0.081943463,2.005301828,78
23040,9/29/2014,209589.04109589,0,0.297166335,0,7.824093584,20
23047,9/29/2014,264197.368421053,0,0.199430788,0.081943463,0.67431856,55
23070,9/29/2014,170238.095238095,0,0.070662054,0.035145267,7.913335116,28
23109,9/30/2014,207236.842105263,0,0.169625419,0.019508796,1.043393161,41
23117,9/30/2014,168421.052631579,0,0.069670879,0.130617806,8.231639358,27
23119,9/30/2014,207475.227272727,0,0.169625419,0.019508796,6.154473769,36
23159,9/30/2014,214473.684210526,0,0.070662054,0.035145267,6.668419382,31
23192,10/1/2014,136363.636363636,0,0.069670879,0.130617806,6.687381669,32
23296,10/6/2014,202631.578947368,0,0.169625419,0.019508796,5.21786657,36
23360,10/8/2014,157575.757575758,0,0.133372781,0.309479124,7.876114618,32
23368,10/8/2014,141509.433962264,0,0.058543047,0.025609157,15.4939505,8
23394,10/8/2014,159482.75862069,0,0.070662054,0.035145267,7.970241321,24
23401,10/9/2014,100150.358974359,0,0.133372781,0.309479124,9.625238462,29
23428,10/9/2014,155844.155844156,0,0.083809588,0.371148999,12.17515804,21
23429,10/9/2014,86891.0833333333,0,0.083809588,0.371148999,12.21383392,15
23430,10/9/2014,150000,0,0.069670879,0.130617806,8.162793288,27
23469,10/10/2014,132031.25,0,0.058543047,0.025609157,15.88333445,7
23482,10/13/2014,95575.515625,0,0.083809588,0.371148999,12.21383392,15
23495,10/13/2014,202631.578947368,0,0.169625419,0.019508796,3.411965845,37
23526,10/14/2014,172222.222222222,0,0.069670879,0.130617806,9.007223178,25
23558,10/14/2014,168750,0,0.133372781,0.309479124,5.793314213,35
23613,10/16/2014,98495.4358974359,0,0.133372781,0.309479124,9.625238462,29
23615,10/16/2014,180172.413793103,0,0.331075802,0.000991,8.957863218,29
23633,10/16/2014,278750,0,0.199430788,0.081943463,1.157392678,40
23644,10/16/2014,148979.591836735,0,0.069670879,0.130617806,8.723945516,26
23646,10/16/2014,193181.818181818,0,0.331075802,0.000991,8.597433575,44
23700,10/18/2014,138888.888888889,0,0.058543047,0.025609157,14.79303403,9
23713,10/20/2014,130681.818181818,0,0.070662054,0.035145267,11.32327492,17
23730,10/20/2014,150500,0,0.133372781,0.309479124,7.976897184,34
23732,10/20/2014,93858.0158730159,0,0.083809588,0.371148999,12.21383392,15
23788,10/21/2014,274155.76,1,0.169625419,0.019508796,3.65442902,41
23818,10/22/2014,169491.525423729,0,0.133372781,0.309479124,5.042811469,42
23832,10/22/2014,214634.146341463,1,0.331075802,0.000991,7.971951404,35
23837,10/22/2014,244871.794871795,0,0.169625419,0.019508796,2.991453512,38
23878,10/23/2014,162013.513513514,0,0.331075802,0.000991,7.148252273,31
23900,10/23/2014,181578.947368421,0,0.133372781,0.309479124,5.381208214,37
23910,10/24/2014,202105.263157895,0,0.331075802,0.000991,8.103547658,49
23953,10/25/2014,152777.777777778,0,0.069670879,0.130617806,9.082348275,22
23966,10/27/2014,183846.153846154,0,0.331075802,0.000991,9.035647523,42
23975,10/27/2014,89209.1265822785,0,0.083809588,0.371148999,12.21383392,15
24006,10/27/2014,156779.661016949,0,0.133372781,0.309479124,5.755842851,35
24033,10/28/2014,97579.8333333333,0,0.133372781,0.309479124,4.870810941,38
24038,10/28/2014,95802.2131147541,0,0.083809588,0.371148999,12.21383392,15
24055,10/28/2014,160526.315789474,0,0.083809588,0.371148999,11.95429072,20
24099,10/29/2014,202380.952380952,0,0.169625419,0.019508796,2.743785034,37
24131,10/29/2014,225490.196078431,0,0.297166335,0,7.610203513,22
24139,10/29/2014,143103.448275862,0,0.069670879,0.130617806,7.171472518,27
24159,10/30/2014,201886.79245283,0,0.169625419,0.019508796,2.016443567,34
24172,10/30/2014,150000,0,0.083809588,0.371148999,12.33870612,16
24177,10/30/2014,114285.714285714,0,0.083809588,0.371148999,12.53227255,11
24191,10/30/2014,145370.37037037,0,0.058543047,0.025609157,16.20676125,9
24216,10/31/2014,235245.901639344,0,0.169625419,0.019508796,4.709308586,37
24272,10/31/2014,288269.230769231,0,0.199430788,0.081943463,2.042278917,78
24347,11/6/2014,182876.712328767,0,0.169625419,0.019508796,6.144236956,37
24349,11/6/2014,119268.647058824,0,0.133372781,0.309479124,9.625238462,29
24364,11/6/2014,86082.2151898734,0,0.083809588,0.371148999,12.21383392,15
24411,11/7/2014,169491.525423729,0,0.069670879,0.130617806,6.473685317,30
24421,11/7/2014,165000,0,0.069670879,0.130617806,8.957202583,24
24460,11/8/2014,266153.846153846,0,0.169625419,0.019508796,3.726225908,43
24467,11/8/2014,92801.84375,0,0.083809588,0.371148999,12.21383392,15
24475,11/10/2014,194915.254237288,0,0.169625419,0.019508796,5.312046323,37
24534,11/11/2014,92797.578125,0,0.083809588,0.371148999,12.21383392,15
24546,11/11/2014,170212.765957447,0,0.133372781,0.309479124,4.276034205,31
24556,11/11/2014,50761.2444444444,0,0.133372781,0.309479124,9.472029027,30
24569,11/11/2014,190322.580645161,0,0.070662054,0.035145267,7.304998932,27
24581,11/11/2014,93391.0634920635,0,0.083809588,0.371148999,12.21383392,15
24642,11/12/2014,122641.509433962,0,0.169625419,0.019508796,4.04404091,44
24656,11/13/2014,179104.47761194,0,0.169625419,0.019508796,4.66349667,36
24678,11/13/2014,109079.419354839,0,0.083809588,0.371148999,12.21383392,15
24741,11/14/2014,264102.564102564,1,0.297166335,0,8.03355071,19
24760,11/14/2014,187500,0,0.133372781,0.309479124,5.381208214,37
24773,11/14/2014,165277.777777778,0,0.070662054,0.035145267,5.885973152,32
24786,11/15/2014,140487.804878049,0,0.058543047,0.025609157,15.56432479,8
24828,11/17/2014,227631.578947368,0,0.331075802,0.000991,8.576106395,42
24841,11/17/2014,153409.090909091,0,0.083809588,0.371148999,12.39060745,11
24865,11/18/2014,143939.393939394,0,0.133372781,0.309479124,4.133144155,32
24873,11/18/2014,256578.947368421,0,0.297166335,0,7.885869915,19
24884,11/18/2014,243396.226415094,0,0.297166335,0,7.717085981,18
24921,11/19/2014,182432.432432432,0,0.133372781,0.309479124,4.83047934,43
24982,11/20/2014,181818.181818182,0,0.331075802,0.000991,7.426917502,39
25005,11/20/2014,138461.538461538,0,0.069670879,0.130617806,9.352829266,22
25055,11/21/2014,116749.529411765,0,0.133372781,0.309479124,9.625238462,29
25101,11/21/2014,171951.219512195,0,0.070662054,0.035145267,7.385160604,27
25131,11/22/2014,250000,0,0.199430788,0.081943463,0.926143637,61
25160,11/24/2014,94292.796875,0,0.083809588,0.371148999,12.21383392,15
25176,11/24/2014,230000,0,0.169625419,0.019508796,4.709308586,37
25272,11/25/2014,209090.909090909,0,0.133372781,0.309479124,4.889675891,42
25332,11/26/2014,192105.263157895,0,0.133372781,0.309479124,7.686576626,33
25367,11/26/2014,151388.888888889,0,0.069670879,0.130617806,6.600983459,32
25370,11/26/2014,100517.161764706,0,0.058543047,0.025609157,15.49360439,8
25372,11/26/2014,131203.007518797,0,0.083809588,0.371148999,11.85916249,20
25385,11/27/2014,235576.923076923,0,0.169625419,0.019508796,1.870733573,35
25401,11/27/2014,135714.285714286,0,0.133372781,0.309479124,6.58925192,36
25423,11/27/2014,140982.432432432,0,0.331075802,0.000991,8.188557381,45
25436,11/27/2014,206250,0,0.169625419,0.019508796,0.804315255,45
25441,11/27/2014,154098.360655738,0,0.083809588,0.371148999,11.99526534,18
25446,11/27/2014,107142.857142857,0,0.070662054,0.035145267,8.081364405,28
25476,11/28/2014,120318.085106383,0,0.133372781,0.309479124,9.625238462,29
25494,11/28/2014,186111.111111111,0,0.069670879,0.130617806,6.642778699,30
25517,11/29/2014,197333.333333333,0,0.331075802,0.000991,7.796358754,36
25525,11/29/2014,138461.538461538,0,0.083809588,0.371148999,11.85811177,20
25528,11/29/2014,201388.888888889,0,0.133372781,0.309479124,6.736122832,36
25535,12/1/2014,171337.333333333,0,0.169625419,0.019508796,6.154473769,36
25537,12/1/2014,115305.173076923,0,0.083809588,0.371148999,12.21383392,15
25555,12/1/2014,122413.793103448,0,0.069670879,0.130617806,8.585340461,26
25575,12/1/2014,144444.444444444,0,0.069670879,0.130617806,7.171472518,27
25576,12/1/2014,103184.205128205,0,0.133372781,0.309479124,9.625238462,29
25594,12/1/2014,172727.272727273,0,0.069670879,0.130617806,9.096148566,24
25620,12/2/2014,171817.954545455,1,0.169625419,0.019508796,6.035625615,36
25647,12/2/2014,184615.384615385,0,0.133372781,0.309479124,8.171456812,31
25672,12/2/2014,257500,0,0.297166335,0,8.244213683,18
25683,12/2/2014,250000,0,0.297166335,0,7.174104844,23
25761,12/3/2014,120401.469387755,0,0.133372781,0.309479124,9.625238462,29
25766,12/3/2014,93189.4736842105,1,0.070662054,0.035145267,6.407681647,32
25784,12/4/2014,344594.594594595,0,0.199430788,0.081943463,1.01159091,66
25871,12/5/2014,175555.555555556,0,0.331075802,0.000991,8.434194208,45
25875,12/5/2014,169811.320754717,0,0.069670879,0.130617806,6.890267969,29
25893,12/5/2014,173584.905660377,0,0.070662054,0.035145267,7.245916285,27
25900,12/5/2014,141509.433962264,0,0.058543047,0.025609157,15.84409193,8
25902,12/5/2014,271428.571428571,0,0.331075802,0.000991,8.206190082,46
25934,12/6/2014,135135.135135135,0,0.058543047,0.025609157,16.18206195,7
25936,12/6/2014,87188.1904761905,0,0.083809588,0.371148999,12.21383392,15
25970,12/8/2014,191666.666666667,0,0.169625419,0.019508796,1.642786607,40
25996,12/8/2014,133756.7,0,0.083809588,0.371148999,12.21383392,15
26040,12/8/2014,141250,0,0.083809588,0.371148999,13.45710449,10
26065,12/9/2014,155056.179775281,0,0.133372781,0.309479124,8.330363033,34
26124,12/9/2014,160526.315789474,0,0.083809588,0.371148999,12.88418876,11
26127,12/9/2014,233333.333333333,0,0.297166335,0,7.195976091,25
26149,12/9/2014,94352.6935483871,0,0.083809588,0.371148999,12.21383392,15
26168,12/9/2014,190681.818181818,0,0.133372781,0.309479124,5.779966716,37
26184,12/9/2014,198529.411764706,0,0.199430788,0.081943463,1.222132754,70
26212,12/10/2014,201250,0,0.169625419,0.019508796,6.154473769,36
26250,12/11/2014,126218.212389381,0,0.133372781,0.309479124,9.625238462,29
26262,12/11/2014,168571.428571429,0,0.069670879,0.130617806,8.39602016,27
26289,12/11/2014,169333.333333333,0,0.169625419,0.019508796,6.011396813,36
26318,12/12/2014,125113.45,0,0.083809588,0.371148999,12.21383392,15
26360,12/12/2014,175757.575757576,0,0.133372781,0.309479124,5.381208214,37
26403,12/15/2014,184615.384615385,0,0.069670879,0.130617806,9.06204835,23
26409,12/15/2014,75540.5405405406,0,0.069670879,0.130617806,8.835285566,25
26431,12/15/2014,100104.892857143,0,0.083809588,0.371148999,12.21383392,15
26432,12/15/2014,200000,0,0.069670879,0.130617806,8.489533224,27
26447,12/15/2014,156818.181818182,0,0.070662054,0.035145267,8.244271256,26
26466,12/15/2014,271028.037383178,0,0.297166335,0,7.506243236,19
26476,12/16/2014,250000,0,0.169625419,0.019508796,3.456929988,43
26519,12/16/2014,227272.727272727,0,0.199430788,0.081943463,1.222132754,70
26547,12/16/2014,177631.578947368,0,0.069670879,0.130617806,8.893146023,26
26583,12/16/2014,159782.608695652,0,0.069670879,0.130617806,9.007223178,25
26626,12/16/2014,250000,0,0.169625419,0.019508796,2.920507751,37
26639,12/17/2014,142031.953488372,0,0.058543047,0.025609157,15.63336544,8
26642,12/17/2014,176271.186440678,0,0.070662054,0.035145267,6.033860065,32
26663,12/17/2014,205714.285714286,0,0.070662054,0.035145267,6.661875257,30
26685,12/17/2014,224074.074074074,0,0.297166335,0,7.82623748,20
26701,12/17/2014,138983.050847458,0,0.058543047,0.025609157,15.38704468,8
26731,12/18/2014,118798.538461538,0,0.083809588,0.371148999,12.21383392,15
26738,12/18/2014,165789.473684211,0,0.083809588,0.371148999,12.6531925,11
26743,12/18/2014,135416.666666667,0,0.133372781,0.309479124,6.881040681,37
26748,12/18/2014,185000,0,0.069670879,0.130617806,7.456904533,27
26772,12/18/2014,108108.108108108,0,0.069670879,0.130617806,8.835285566,25
26794,12/18/2014,241891.891891892,0,0.297166335,0,6.634921921,24
26828,12/18/2014,227027.027027027,0,0.297166335,0,7.224195307,22
26846,12/19/2014,250943.396226415,1,0.069670879,0.130617806,8.703836745,26
26911,12/20/2014,170000,0,0.133372781,0.309479124,6.487170361,36
26965,12/20/2014,243636.363636364,0,0.169625419,0.019508796,3.793109457,38
27028,12/22/2014,230357.142857143,0,0.331075802,0.000991,8.030072113,49
27029,12/22/2014,165789.473684211,0,0.069670879,0.130617806,8.231639358,27
27058,12/23/2014,189510.638297872,0,0.069670879,0.130617806,7.596427469,26
27077,12/23/2014,251470.588235294,0,0.199430788,0.081943463,1.219621712,40
27080,12/23/2014,124590.163934426,0,0.058543047,0.025609157,15.97323541,7
27087,12/24/2014,210526.315789474,0,0.169625419,0.019508796,5.312046323,37
27112,12/24/2014,138125.175,0,0.083809588,0.371148999,12.21383392,15
27117,12/24/2014,160000,0,0.133372781,0.309479124,4.072861957,33
27139,12/25/2014,221052.631578947,0,0.169625419,0.019508796,1.572572701,41
27169,12/26/2014,157500,0,0.058543047,0.025609157,14.93939229,8
27181,12/29/2014,134319.35,0,0.083809588,0.371148999,12.21383392,15
27188,12/29/2014,187671.232876712,0,0.069670879,0.130617806,7.682205484,27
27191,12/29/2014,158333.333333333,0,0.331075802,0.000991,7.303177772,47
27202,12/29/2014,46222.7537313433,0,0.133372781,0.309479124,9.472029027,30
27207,12/30/2014,247169.811320755,0,0.297166335,0,7.357557881,23
27234,12/31/2014,164444.444444444,0,0.069670879,0.130617806,9.625592216,22
27277,1/13/2015,132926.829268293,0,0.058543047,0.025609157,14.5255244,9
27304,1/15/2015,118379.301369863,0,0.133372781,0.309479124,9.625238462,29
27312,1/15/2015,196004.545454545,0,0.169625419,0.019508796,6.154473769,36
27340,1/17/2015,86551.724137931,0,0.133372781,0.309479124,4.072861957,33
27370,1/19/2015,155263.157894737,0,0.083809588,0.371148999,12.17515804,21
27372,1/19/2015,172549.019607843,0,0.083809588,0.371148999,11.41013722,21
27382,1/20/2015,235294.117647059,0,0.169625419,0.019508796,4.876481525,38
27385,1/20/2015,156363.636363636,0,0.070662054,0.035145267,8.208270889,25
27397,1/20/2015,240180.681818182,0,0.169625419,0.019508796,6.154473769,36
27398,1/21/2015,104673.774193548,0,0.083809588,0.371148999,12.21383392,15
27404,1/21/2015,116696.240506329,0,0.133372781,0.309479124,9.625238462,29
27441,1/22/2015,173684.210526316,0,0.083809588,0.371148999,11.87131346,18
27452,1/22/2015,168750,0,0.133372781,0.309479124,8.205229471,32
27467,1/23/2015,197297.297297297,0,0.070662054,0.035145267,6.565661756,30
27476,1/23/2015,166666.666666667,0,0.133372781,0.309479124,7.185447768,37
27480,1/23/2015,144736.842105263,0,0.083809588,0.371148999,12.57077429,13
27485,1/23/2015,148483.333333333,1,0.169625419,0.019508796,4.188863692,40
27513,1/26/2015,190000,0,0.069670879,0.130617806,6.473614086,32
27522,1/26/2015,202272.727272727,0,0.069670879,0.130617806,7.865754018,27
27558,1/27/2015,106005.888888889,0,0.083809588,0.371148999,12.21383392,15
27565,1/28/2015,182894.736842105,0,0.133372781,0.309479124,6.377432247,39
27572,1/28/2015,200000,0,0.069670879,0.130617806,7.698728419,27
27597,1/29/2015,205263.157894737,0,0.070662054,0.035145267,7.374381974,28
27655,2/2/2015,151162.790697674,0,0.133372781,0.309479124,8.286874635,32
27663,2/2/2015,266666.666666667,0,0.169625419,0.019508796,3.726225908,43
27672,2/2/2015,156250,0,0.070662054,0.035145267,5.912238997,33
27679,2/2/2015,180000,0,0.133372781,0.309479124,5.707329758,36
27687,2/3/2015,168750,0,0.133372781,0.309479124,5.266349228,38
27698,2/3/2015,196004.545454545,0,0.169625419,0.019508796,6.035625615,36
27707,2/4/2015,144318.181818182,0,0.083809588,0.371148999,14.48179325,10
27732,2/5/2015,179487.17948718,0,0.083809588,0.371148999,13.54667187,10
27746,2/5/2015,180645.161290323,0,0.069670879,0.130617806,6.484776201,31
27805,2/9/2015,208571.428571429,0,0.331075802,0.000991,8.831719951,28
27860,2/11/2015,237037.037037037,0,0.331075802,0.000991,9.143012671,42
27866,2/11/2015,188235.294117647,0,0.069670879,0.130617806,7.64992391,27
27871,2/12/2015,158536.585365854,0,0.069670879,0.130617806,8.21508627,27
27898,2/13/2015,228947.368421053,0,0.297166335,0,7.76670048,21
27905,2/14/2015,237037.037037037,0,0.169625419,0.019508796,4.857984875,37
27932,2/16/2015,135165.673913044,0,0.133372781,0.309479124,9.625238462,29
27988,2/19/2015,229752.066115702,0,0.331075802,0.000991,8.188557381,45
28004,2/20/2015,218181.818181818,0,0.169625419,0.019508796,2.169614848,33
28028,2/21/2015,206779.661016949,0,0.199430788,0.081943463,0.771708066,58
28044,2/24/2015,138666.666666667,0,0.058543047,0.025609157,14.23547125,10
28060,2/24/2015,171052.631578947,0,0.133372781,0.309479124,7.119912552,37
28081,2/26/2015,198113.20754717,0,0.331075802,0.000991,8.391603626,46
28108,2/26/2015,239726.02739726,0,0.297166335,0,7.885869915,19
28145,2/28/2015,207692.307692308,0,0.070662054,0.035145267,7.702824434,25
28172,3/3/2015,146226.41509434,0,0.083809588,0.371148999,11.22848159,21
28204,3/4/2015,279411.764705882,0,0.199430788,0.081943463,0.364728443,44
28212,3/4/2015,180952.380952381,0,0.133372781,0.309479124,4.206099294,32
28217,3/5/2015,193421.052631579,0,0.297166335,0,7.793476956,21
28245,3/6/2015,95890.4109589041,0,0.069670879,0.130617806,8.835285566,25
28257,3/6/2015,172058.823529412,0,0.297166335,0,7.949026807,17
28275,3/10/2015,210526.315789474,0,0.297166335,0,7.174104844,23
28284,3/10/2015,156818.181818182,0,0.133372781,0.309479124,5.793314213,35
28296,3/10/2015,126535.981651376,1,0.331075802,0.000991,7.148252273,31
28345,3/13/2015,147692.307692308,0,0.069670879,0.130617806,8.522378319,26
28353,3/13/2015,160526.315789474,0,0.083809588,0.371148999,12.25049194,15
28405,3/17/2015,177924.528301887,0,0.069670879,0.130617806,8.035098028,27
28435,3/18/2015,103131.612903226,0,0.083809588,0.371148999,12.21383392,15
28440,3/18/2015,230985.915492958,0,0.297166335,0,7.885869915,19
28448,3/18/2015,188333.333333333,0,0.331075802,0.000991,7.775633321,48
28460,3/19/2015,217741.935483871,0,0.069670879,0.130617806,6.695076664,32
28476,3/19/2015,182432.432432432,0,0.070662054,0.035145267,7.479911743,27
28478,3/19/2015,244444.444444444,0,0.331075802,0.000991,8.961916396,43
28517,3/23/2015,95664.8192771084,0,0.083809588,0.371148999,12.21383392,15
28545,3/23/2015,281481.481481481,0,0.199430788,0.081943463,1.616585312,74
28550,3/23/2015,200363.636363636,0,0.169625419,0.019508796,6.154473769,36
28642,3/26/2015,161904.761904762,0,0.133372781,0.309479124,5.755842851,35
28653,3/26/2015,142484.48,0,0.331075802,0.000991,8.188557381,45
28665,3/27/2015,255263.157894737,0,0.169625419,0.019508796,4.272133025,40
28695,3/30/2015,99000.8961038961,0,0.058543047,0.025609157,15.63336544,8
28697,3/30/2015,118694.671875,0,0.083809588,0.371148999,12.21383392,15
28736,3/31/2015,219298.245614035,0,0.169625419,0.019508796,4.876481525,38
28771,4/1/2015,247368.421052632,0,0.169625419,0.019508796,4.817237569,38
28795,4/1/2015,161971.830985916,0,0.083809588,0.371148999,11.85916249,20
28811,4/2/2015,155813.953488372,0,0.133372781,0.309479124,8.242082249,32
28813,4/2/2015,122495.803278689,0,0.083809588,0.371148999,12.21383392,15
28826,4/2/2015,173052.054794521,1,0.169625419,0.019508796,6.154473769,36
28836,4/2/2015,103005.903225806,0,0.083809588,0.371148999,12.21383392,15
28839,4/2/2015,126470.588235294,0,0.083809588,0.371148999,12.00149925,16
28888,4/4/2015,152631.578947368,0,0.058543047,0.025609157,15.92492528,7
28936,4/7/2015,151072,0,0.297166335,0,10.00126577,16
29022,4/9/2015,153225.806451613,0,0.133372781,0.309479124,7.680350731,37
29048,4/10/2015,124615.384615385,0,0.133372781,0.309479124,8.026467586,31
29089,4/13/2015,101612.09375,1,0.083809588,0.371148999,12.21383392,15
29111,4/14/2015,216666.666666667,0,0.069670879,0.130617806,8.70296754,25
29145,4/15/2015,209259.259259259,0,0.331075802,0.000991,7.796358754,36
29157,4/16/2015,301219.512195122,0,0.199430788,0.081943463,1.580412513,75
29167,4/16/2015,190277.777777778,0,0.169625419,0.019508796,5.158423175,36
29179,4/16/2015,133894.736842105,0,0.083809588,0.371148999,13.30132289,11
29197,4/17/2015,110735.961538462,0,0.083809588,0.371148999,12.21383392,15
29208,4/17/2015,218918.918918919,0,0.070662054,0.035145267,7.323310536,28
29210,4/17/2015,121570.211267606,1,0.133372781,0.309479124,9.625238462,29
29217,4/18/2015,151428.571428571,0,0.133372781,0.309479124,5.381208214,37
29230,4/18/2015,80645.1612903226,0,0.331075802,0.000991,7.767362405,47
29239,4/20/2015,168674.698795181,0,0.069670879,0.130617806,8.471251053,27
29260,4/20/2015,227272.727272727,0,0.169625419,0.019508796,4.644122877,37
29262,4/20/2015,100945.790322581,0,0.083809588,0.371148999,12.21383392,15
29268,4/20/2015,142203.389830508,0,0.083809588,0.371148999,12.53227255,11
29276,4/21/2015,211864.406779661,0,0.169625419,0.019508796,4.858598283,36
29310,4/22/2015,230188.679245283,0,0.169625419,0.019508796,4.801643367,37
29312,4/22/2015,160526.315789474,0,0.083809588,0.371148999,12.47389484,18
29325,4/22/2015,128888.888888889,0,0.069670879,0.130617806,8.949474412,24
29439,4/28/2015,145333.333333333,0,0.058543047,0.025609157,14.79303403,9
29440,4/28/2015,115921.052631579,0,0.083809588,0.371148999,13.30132289,11
29443,4/28/2015,169317.27027027,0,0.297166335,0,5.08191814,34
29462,4/28/2015,175000,0,0.070662054,0.035145267,6.219004939,32
29475,4/29/2015,132467.532467532,0,0.133372781,0.309479124,7.872473572,35
29493,4/30/2015,243617.021276596,0,0.331075802,0.000991,7.311051245,41
29499,4/30/2015,172669.230769231,1,0.169625419,0.019508796,3.978784999,41
29537,5/5/2015,232456.140350877,0,0.133372781,0.309479124,4.072861957,33
29587,5/7/2015,104038.258064516,0,0.083809588,0.371148999,12.21383392,15
29609,5/7/2015,104191.229508197,0,0.083809588,0.371148999,12.21383392,15
29645,5/12/2015,176470.588235294,0,0.069670879,0.130617806,9.471465129,21
29677,5/13/2015,234375,0,0.331075802,0.000991,7.425159682,45
29698,5/14/2015,111088.607594937,0,0.083809588,0.371148999,13.30132289,11
29737,5/15/2015,207894.736842105,0,0.169625419,0.019508796,5.034388981,36
29746,5/16/2015,100285.171875,0,0.083809588,0.371148999,12.21383392,15
29747,5/16/2015,216901.408450704,1,0.331075802,0.000991,8.38727638,35
29757,5/18/2015,97265.2682926829,0,0.083809588,0.371148999,12.21383392,15
29766,5/18/2015,147000,1,0.297166335,0,10.00126577,16
29794,5/19/2015,123327.868852459,0,0.083809588,0.371148999,13.30132289,11
29796,5/19/2015,122837.524590164,0,0.083809588,0.371148999,12.21383392,15
29800,5/19/2015,96496.6329113924,0,0.083809588,0.371148999,12.21383392,15
29807,5/19/2015,162937.062937063,1,0.331075802,0.000991,8.188557381,45
29818,5/20/2015,226666.666666667,0,0.331075802,0.000991,7.797471896,45
29819,5/20/2015,241083.333333333,0,0.297166335,0,7.793476956,21
29828,5/20/2015,106079.901639344,0,0.083809588,0.371148999,12.21383392,15
29833,5/20/2015,149607.037037037,0,0.297166335,0,10.00126577,16
29838,5/21/2015,105424.225806452,0,0.083809588,0.371148999,12.21383392,15
29859,5/21/2015,135135.135135135,0,0.083809588,0.371148999,11.22848159,21
29866,5/22/2015,129629.62962963,0,0.083809588,0.371148999,11.22848159,21
29870,5/22/2015,146511.627906977,0,0.069670879,0.130617806,8.166506866,27
29884,5/22/2015,250000,0,0.070662054,0.035145267,7.017418182,27
29936,5/26/2015,165625,0,0.069670879,0.130617806,6.484776201,31
29949,5/26/2015,154718.666666667,0,0.297166335,0,10.00126577,16
29955,5/26/2015,228378.378378378,0,0.169625419,0.019508796,1.003488187,44
29967,5/27/2015,151298.701298701,0,0.069670879,0.130617806,8.324400003,27
29983,5/27/2015,172107.102040816,1,0.169625419,0.019508796,6.154473769,36
29994,5/28/2015,184931.506849315,0,0.331075802,0.000991,7.93935381,45
29995,5/28/2015,233333.333333333,0,0.169625419,0.019508796,0.718253469,44
30016,5/28/2015,103436.163934426,0,0.083809588,0.371148999,12.21383392,15
30024,5/28/2015,210526.315789474,0,0.070662054,0.035145267,6.55245246,33
30032,5/29/2015,213985.890410959,0,0.169625419,0.019508796,6.154473769,36
30040,5/29/2015,150657,1,0.297166335,0,10.00126577,16
30087,6/2/2015,127883.096153846,0,0.083809588,0.371148999,12.21383392,15
30101,6/3/2015,226973.684210526,0,0.297166335,0,7.606303308,21
30106,6/3/2015,97948.275862069,0,0.133372781,0.309479124,4.072861957,33
30147,6/5/2015,104925.721311475,0,0.083809588,0.371148999,12.21383392,15
30153,6/5/2015,181503.271028037,0,0.169625419,0.019508796,6.154473769,36
30169,6/8/2015,112025.615384615,0,0.083809588,0.371148999,12.21383392,15
30287,6/16/2015,221052.631578947,0,0.070662054,0.035145267,7.548441298,28
30306,6/17/2015,168421.052631579,0,0.069670879,0.130617806,7.489354093,27
30311,6/18/2015,98780.890625,0,0.083809588,0.371148999,12.21383392,15
30344,6/20/2015,147000,0,0.297166335,0,9.825659541,17
30348,6/20/2015,155263.157894737,0,0.058543047,0.025609157,15.13001875,8
30350,6/20/2015,175471.698113208,0,0.133372781,0.309479124,6.377432247,39
30376,6/23/2015,213157.894736842,0,0.169625419,0.019508796,5.004019769,38
30378,6/23/2015,144157.236842105,0,0.133372781,0.309479124,9.625238462,29
30381,6/23/2015,148113.20754717,0,0.058543047,0.025609157,15.33113948,8
30387,6/23/2015,99583.1875,0,0.083809588,0.371148999,12.21383392,15
30410,6/24/2015,104745.126984127,0,0.083809588,0.371148999,12.21383392,15
30428,6/25/2015,100285.171875,0,0.083809588,0.371148999,12.21383392,15
30429,6/26/2015,100383.873239437,0,0.133372781,0.309479124,9.625238462,29
30446,6/27/2015,95790.1898734177,0,0.083809588,0.371148999,12.21383392,15
30450,6/27/2015,99583.1875,0,0.083809588,0.371148999,12.21383392,15
30455,6/29/2015,178947.368421053,0,0.133372781,0.309479124,5.925895983,38
30462,6/29/2015,113311.62745098,1,0.083809588,0.371148999,12.21383392,15
